{"cameraMode":{"drawMode":0,"name":"Shaded","section":"Shading Mode"},"sceneLighting":false,"audioPlay":false,"sceneViewState":{"showFog":true,"showMaterialUpdate":false,"showSkybox":true,"showFlares":true,"showImageEffects":true,"showParticleSystems":true},"in2DMode":false,"pivot":{"x":1.7000000476837159,"y":0.2200000137090683,"z":0.08999991416931153},"rotation":{"x":-0.02345121093094349,"y":0.9406391978263855,"z":-0.33201491832733157,"w":-0.06643916666507721},"size":2.8578941822052,"orthographic":false}