{"cameraMode":{"drawMode":0,"name":"Shaded","section":"Shading Mode"},"sceneLighting":false,"audioPlay":false,"sceneViewState":{"showFog":true,"showMaterialUpdate":false,"showSkybox":true,"showFlares":true,"showImageEffects":true,"showParticleSystems":true},"in2DMode":false,"pivot":{"x":1.7000000476837159,"y":0.2200000137090683,"z":0.08999991416931153},"rotation":{"x":0.2026875764131546,"y":-0.741798996925354,"z":0.2568379342556,"w":0.5854125618934631},"size":2.8578941822052,"orthographic":false}