{"cameraMode":{"drawMode":0,"name":"Shaded","section":"Shading Mode"},"sceneLighting":true,"audioPlay":false,"sceneViewState":{"showFog":true,"showMaterialUpdate":false,"showSkybox":true,"showFlares":true,"showImageEffects":true,"showParticleSystems":true},"in2DMode":false,"pivot":{"x":1.7113845348358155,"y":1.5306854248046876,"z":-1.4515719413757325},"rotation":{"x":0.002666724380105734,"y":0.9347043633460999,"z":-0.355367511510849,"w":0.006993517279624939},"size":7.275815010070801,"orthographic":false}