{"cameraMode":{"drawMode":0,"name":"Shaded","section":"Shading Mode"},"sceneLighting":true,"audioPlay":false,"sceneViewState":{"showFog":true,"showMaterialUpdate":false,"showSkybox":true,"showFlares":true,"showImageEffects":true,"showParticleSystems":true},"in2DMode":false,"pivot":{"x":1.5779914855957032,"y":0.11974430084228516,"z":-0.24447870254516602},"rotation":{"x":0.2026875764131546,"y":-0.741798996925354,"z":0.2568379342556,"w":0.5854125618934631},"size":21.224376678466798,"orthographic":false}